{
    "ver": "4.0",
    "name": "Microsoft.XboxLive.T552499398.UnlockAchievement",
    "time": "REPLACETIME",
    "iKey": "o:0890af88a9ed4cc886a14f5e174a2827",
    "ext": {
        "utc": {
            "shellId": 1,
            "eventFlags": 1,
            "pgName": "XBOX",
            "flags": 1,
            "epoch": "1",
            "seq": REPLACESEQ
        },
        "privacy": {
            "isRequired": false
        },
        "metadata": {
            "f": {
                "baseData": {
                    "f": {
                        "properties": {
                            "f": {
                                "AchievementID": 1,
                                "MatchJoinId": 1
                            }
                        },
                        "measurements": {
                            "f": {
                                "ProgressPercent": 1
                            }
                        }
                    }
                }
            },
            "policies": 0
        },
        "os": {
            "bootId": 1,
            "name": "1",
            "ver": "1",
            "expId": "1"
        },
        "app": {
            "id": "U:Microsoft.SpartaUWP_14.4.0.2_x64__8wekyb3d8bbwe!GearGameShippingPublic",
            "ver": "14.4.0.2_x64_!2019/06/27:23:38:26!9474C5E!geargame.exe",
            "is1P": 1,
            "asId": 1
        },
        "device": {
            "localId": "s:11111111-1111-1111-1111-111111111111",
            "deviceClass": "Windows.Desktop"
        },
        "protocol": {
            "devMake": "1",
            "devModel": "1",
            "ticketKeys": [
                "1"
            ]
        },
        "user": {
            "localId": "s:11111111-1111-1111-1111-111111111111"
        },
        "loc": {
            "tz": "00:00"
        }
    },
    "data": {
        "baseType": "Microsoft.XboxLive.InGame",
        "baseData": {
            "name": "UnlockAchievement",
            "serviceConfigId": "780f0100-3c66-41ff-b8cc-964f20ee78c6",
            "playerSessionId": "11111111-1111-1111-1111-111111111111",
            "titleId": "552499398",
            "userId": "REPLACEXUID",
            "ver": 1,
            "properties": {
                "AchievementID": REPLACECRITERA1,
                "MatchId": "11111111-1111-1111-1111-111111111111",
                "MatchJoinId": 0
            },
            "measurements": {
                "ProgressPercent": 1
            }
        }
    }
}